hostname,os,environment,country,node
SDDEU001,Solaris,Development,Germany,1
SDDEU002,Solaris,Development,Germany,2
STDEU001,Solaris,Testing,Germany,1
LTIRL001,Linux,Testing,Ireland,1
HSIRL001,HP-UX,Staging,Ireland,1
SPIRL001,Solaris,Production,Ireland,1
LIIRL001,Linux,Integration,Ireland,1
STIRL001,Solaris,Testing,Ireland,1
ATITA001,AIX,Testing,Italy,1
HSESP001,HP-UX,Staging,Spain,1
LDNOR001,Linux,Development,Norway,1
SPDEU001,Solaris,Production,Germany,1
LTIRL002,Linux,Testing,Ireland,2
LDFRA001,Linux,Development,France,1
LDESP001,Linux,Development,Spain,1
LPIRL001,Linux,Production,Ireland,1
ASIRL001,AIX,Staging,Ireland,1
SPNOR001,Solaris,Production,Norway,1
LSITA001,Linux,Staging,Italy,1
ATESP001,AIX,Testing,Spain,1
LPESP001,Linux,Production,Spain,1
LTFRA001,Linux,Testing,France,1
LSFRA001,Linux,Staging,France,1
LPDEU001,Linux,Production,Germany,1
SSFRA001,Solaris,Staging,France,1
LTITA001,Linux,Testing,Italy,1
LPFRA001,Linux,Production,France,1
SPNOR002,Solaris,Production,Norway,2
SDDEU003,Solaris,Development,Germany,3
APDEU001,AIX,Production,Germany,1
HPIRL001,HP-UX,Production,Ireland,1
HSIRL002,HP-UX,Staging,Ireland,2
LTIRL003,Linux,Testing,Ireland,3
HSITA001,HP-UX,Staging,Italy,1
APDEU002,AIX,Production,Germany,2
SSFRA002,Solaris,Staging,France,2
APDEU003,AIX,Production,Germany,3
ATNOR001,AIX,Testing,Norway,1
STESP001,Solaris,Testing,Spain,1
STDEU002,Solaris,Testing,Germany,2
HIDEU001,HP-UX,Integration,Germany,1
STITA001,Solaris,Testing,Italy,1
LTITA002,Linux,Testing,Italy,2
ADESP001,AIX,Development,Spain,1
LTITA003,Linux,Testing,Italy,3
LTDEU001,Linux,Testing,Germany,1
HPIRL002,HP-UX,Production,Ireland,2
SDESP001,Solaris,Development,Spain,1
HSIRL003,HP-UX,Staging,Ireland,3
LPESP002,Linux,Production,Spain,2
LPITA001,Linux,Production,Italy,1
SPDEU002,Solaris,Production,Germany,2
SIDEU001,Solaris,Integration,Germany,1
LPESP003,Linux,Production,Spain,3
LSFRA002,Linux,Staging,France,2
STFRA001,Solaris,Testing,France,1
LDESP002,Linux,Development,Spain,2
HSESP002,HP-UX,Staging,Spain,2
STDEU003,Solaris,Testing,Germany,3
LTDEU002,Linux,Testing,Germany,2
LIIRL002,Linux,Integration,Ireland,2
LPITA002,Linux,Production,Italy,2
STFRA002,Solaris,Testing,France,2
LSNOR001,Linux,Staging,Norway,1
STIRL002,Solaris,Testing,Ireland,2
ASDEU001,AIX,Staging,Germany,1
ADITA001,AIX,Development,Italy,1
LIIRL003,Linux,Integration,Ireland,3
HSIRL004,HP-UX,Staging,Ireland,4
HPDEU001,HP-UX,Production,Germany,1
LTITA004,Linux,Testing,Italy,4
LTITA005,Linux,Testing,Italy,5
STFRA003,Solaris,Testing,France,3
SSFRA003,Solaris,Staging,France,3
SSDEU001,Solaris,Staging,Germany,1
STDEU004,Solaris,Testing,Germany,4
STDEU005,Solaris,Testing,Germany,5
LIIRL004,Linux,Integration,Ireland,4
LPDEU002,Linux,Production,Germany,2
HDDEU001,HP-UX,Development,Germany,1
SSITA001,Solaris,Staging,Italy,1
LSDEU001,Linux,Staging,Germany,1
LSITA002,Linux,Staging,Italy,2
APITA001,AIX,Production,Italy,1
APIRL001,AIX,Production,Ireland,1
LSITA003,Linux,Staging,Italy,3
STIRL003,Solaris,Testing,Ireland,3
LPIRL002,Linux,Production,Ireland,2
LTDEU003,Linux,Testing,Germany,3
LSDEU002,Linux,Staging,Germany,2
ATDEU001,AIX,Testing,Germany,1
STDEU006,Solaris,Testing,Germany,6
ADDEU001,AIX,Development,Germany,1
SPDEU003,Solaris,Production,Germany,3
STDEU007,Solaris,Testing,Germany,7
SDIRL001,Solaris,Development,Ireland,1
HPDEU002,HP-UX,Production,Germany,2
ASDEU002,AIX,Staging,Germany,2
SPITA001,Solaris,Production,Italy,1
AIIRL001,AIX,Integration,Ireland,1
LTITA006,Linux,Testing,Italy,6
LPESP004,Linux,Production,Spain,4
STESP002,Solaris,Testing,Spain,2
LTITA007,Linux,Testing,Italy,7
LPDEU003,Linux,Production,Germany,3
SSITA002,Solaris,Staging,Italy,2
LPESP005,Linux,Production,Spain,5
LPITA003,Linux,Production,Italy,3
LPIRL003,Linux,Production,Ireland,3
SSDEU002,Solaris,Staging,Germany,2
SIFRA001,Solaris,Integration,France,1
SDESP002,Solaris,Development,Spain,2
SSFRA004,Solaris,Staging,France,4
LTESP001,Linux,Testing,Spain,1
SIIRL001,Solaris,Integration,Ireland,1
SPIRL002,Solaris,Production,Ireland,2
STESP003,Solaris,Testing,Spain,3
ATIRL001,AIX,Testing,Ireland,1
LPDEU004,Linux,Production,Germany,4
LTIRL004,Linux,Testing,Ireland,4
LDDEU001,Linux,Development,Germany,1
SDIRL002,Solaris,Development,Ireland,2
LPITA004,Linux,Production,Italy,4
LTDEU004,Linux,Testing,Germany,4
LPIRL004,Linux,Production,Ireland,4
SDIRL003,Solaris,Development,Ireland,3
LIIRL005,Linux,Integration,Ireland,5
SPDEU004,Solaris,Production,Germany,4
LPIRL005,Linux,Production,Ireland,5
LSITA004,Linux,Staging,Italy,4
ASNOR001,AIX,Staging,Norway,1
LTDEU005,Linux,Testing,Germany,5
LPFRA002,Linux,Production,France,2
SPIRL003,Solaris,Production,Ireland,3
HDDEU002,HP-UX,Development,Germany,2
APDEU004,AIX,Production,Germany,4
ASFRA001,AIX,Staging,France,1
ADITA002,AIX,Development,Italy,2
STIRL004,Solaris,Testing,Ireland,4
LPDEU005,Linux,Production,Germany,5
ADITA003,AIX,Development,Italy,3
ATITA002,AIX,Testing,Italy,2
ATITA003,AIX,Testing,Italy,3
LTESP002,Linux,Testing,Spain,2
LIIRL006,Linux,Integration,Ireland,6
LTFRA002,Linux,Testing,France,2
ASDEU003,AIX,Staging,Germany,3
SPDEU005,Solaris,Production,Germany,5
STITA002,Solaris,Testing,Italy,2
SPIRL004,Solaris,Production,Ireland,4
APESP001,AIX,Production,Spain,1
LPFRA003,Linux,Production,France,3
LTITA008,Linux,Testing,Italy,8
HTIRL001,HP-UX,Testing,Ireland,1
LSESP001,Linux,Staging,Spain,1
LSIRL001,Linux,Staging,Ireland,1
LTFRA003,Linux,Testing,France,3
APESP002,AIX,Production,Spain,2
LDIRL001,Linux,Development,Ireland,1
LPFRA004,Linux,Production,France,4
SSDEU003,Solaris,Staging,Germany,3
SSIRL001,Solaris,Staging,Ireland,1
SSITA003,Solaris,Staging,Italy,3
AIIRL002,AIX,Integration,Ireland,2
LTDEU006,Linux,Testing,Germany,6
ASFRA002,AIX,Staging,France,2
SSDEU004,Solaris,Staging,Germany,4
LPESP006,Linux,Production,Spain,6
LPDEU006,Linux,Production,Germany,6
LSIRL002,Linux,Staging,Ireland,2
LPESP007,Linux,Production,Spain,7
LPITA005,Linux,Production,Italy,5
SPIRL005,Solaris,Production,Ireland,5
HINOR001,HP-UX,Integration,Norway,1
APESP003,AIX,Production,Spain,3
STIRL005,Solaris,Testing,Ireland,5
STDEU008,Solaris,Testing,Germany,8
LDDEU002,Linux,Development,Germany,2
STFRA004,Solaris,Testing,France,4
SIDEU002,Solaris,Integration,Germany,2
SIITA001,Solaris,Integration,Italy,1
SIESP001,Solaris,Integration,Spain,1
SPDEU006,Solaris,Production,Germany,6
LTNOR001,Linux,Testing,Norway,1
HSITA002,HP-UX,Staging,Italy,2
LSIRL003,Linux,Staging,Ireland,3
LSESP002,Linux,Staging,Spain,2
SPIRL006,Solaris,Production,Ireland,6
LTDEU007,Linux,Testing,Germany,7
SPNOR003,Solaris,Production,Norway,3
LTIRL005,Linux,Testing,Ireland,5
LPIRL006,Linux,Production,Ireland,6
APNOR001,AIX,Production,Norway,1
SPDEU007,Solaris,Production,Germany,7
SDFRA001,Solaris,Development,France,1
SIDEU003,Solaris,Integration,Germany,3
SSIRL002,Solaris,Staging,Ireland,2
ADESP002,AIX,Development,Spain,2
SSDEU005,Solaris,Staging,Germany,5
SSITA004,Solaris,Staging,Italy,4
STDEU009,Solaris,Testing,Germany,9
STIRL006,Solaris,Testing,Ireland,6
STFRA005,Solaris,Testing,France,5
HDDEU003,HP-UX,Development,Germany,3
LIESP001,Linux,Integration,Spain,1
APFRA001,AIX,Production,France,1
LDIRL002,Linux,Development,Ireland,2
APDEU005,AIX,Production,Germany,5
LSIRL004,Linux,Staging,Ireland,4
SSIRL003,Solaris,Staging,Ireland,3
LTITA009,Linux,Testing,Italy,9
LPITA006,Linux,Production,Italy,6
SIDEU004,Solaris,Integration,Germany,4
LPITA007,Linux,Production,Italy,7
SPIRL007,Solaris,Production,Ireland,7
ATFRA001,AIX,Testing,France,1
APESP004,AIX,Production,Spain,4
HIESP001,HP-UX,Integration,Spain,1
SSESP001,Solaris,Staging,Spain,1
LSNOR002,Linux,Staging,Norway,2
LPESP008,Linux,Production,Spain,8
LDIRL003,Linux,Development,Ireland,3
LSIRL005,Linux,Staging,Ireland,5
LSNOR003,Linux,Staging,Norway,3
LTDEU008,Linux,Testing,Germany,8
STITA003,Solaris,Testing,Italy,3
LDIRL004,Linux,Development,Ireland,4
SSITA005,Solaris,Staging,Italy,5
STITA004,Solaris,Testing,Italy,4
STDEU010,Solaris,Testing,Germany,10
LPESP009,Linux,Production,Spain,9
LPITA008,Linux,Production,Italy,8
LDDEU003,Linux,Development,Germany,3
LPITA009,Linux,Production,Italy,9
SPDEU008,Solaris,Production,Germany,8
HSIRL005,HP-UX,Staging,Ireland,5
HTITA001,HP-UX,Testing,Italy,1
LPITA010,Linux,Production,Italy,10
LSIRL006,Linux,Staging,Ireland,6
STESP004,Solaris,Testing,Spain,4
SSIRL004,Solaris,Staging,Ireland,4
STIRL007,Solaris,Testing,Ireland,7
SIIRL002,Solaris,Integration,Ireland,2
STESP005,Solaris,Testing,Spain,5
LSESP003,Linux,Staging,Spain,3
APESP005,AIX,Production,Spain,5
APDEU006,AIX,Production,Germany,6
ASESP001,AIX,Staging,Spain,1
LTESP003,Linux,Testing,Spain,3
SPDEU009,Solaris,Production,Germany,9
ASDEU004,AIX,Staging,Germany,4
SSIRL005,Solaris,Staging,Ireland,5
LPIRL007,Linux,Production,Ireland,7
APIRL002,AIX,Production,Ireland,2
LPITA011,Linux,Production,Italy,11
STFRA006,Solaris,Testing,France,6
ATIRL002,AIX,Testing,Ireland,2
HTNOR001,HP-UX,Testing,Norway,1
LPESP010,Linux,Production,Spain,10
ADDEU002,AIX,Development,Germany,2
LIITA001,Linux,Integration,Italy,1
LIDEU001,Linux,Integration,Germany,1
APFRA002,AIX,Production,France,2
LSIRL007,Linux,Staging,Ireland,7
SSIRL006,Solaris,Staging,Ireland,6
ASIRL002,AIX,Staging,Ireland,2
HPDEU003,HP-UX,Production,Germany,3
LTFRA004,Linux,Testing,France,4
APDEU007,AIX,Production,Germany,7
AIIRL003,AIX,Integration,Ireland,3
SDIRL004,Solaris,Development,Ireland,4
ATESP002,AIX,Testing,Spain,2
LIDEU002,Linux,Integration,Germany,2
LIITA002,Linux,Integration,Italy,2
SDIRL005,Solaris,Development,Ireland,5
LSITA005,Linux,Staging,Italy,5
LDITA001,Linux,Development,Italy,1
SIITA002,Solaris,Integration,Italy,2
SPIRL008,Solaris,Production,Ireland,8
SPITA002,Solaris,Production,Italy,2
STDEU011,Solaris,Testing,Germany,11
SIDEU005,Solaris,Integration,Germany,5
STIRL008,Solaris,Testing,Ireland,8
ASDEU005,AIX,Staging,Germany,5
LTESP004,Linux,Testing,Spain,4
HPITA001,HP-UX,Production,Italy,1
LIITA003,Linux,Integration,Italy,3
ASDEU006,AIX,Staging,Germany,6
STITA005,Solaris,Testing,Italy,5
ASDEU007,AIX,Staging,Germany,7
ATITA004,AIX,Testing,Italy,4
LPDEU007,Linux,Production,Germany,7
AIDEU001,AIX,Integration,Germany,1
HPESP001,HP-UX,Production,Spain,1
SDESP003,Solaris,Development,Spain,3
LTIRL006,Linux,Testing,Ireland,6
SDESP004,Solaris,Development,Spain,4
LPIRL008,Linux,Production,Ireland,8
ATDEU002,AIX,Testing,Germany,2
HDDEU004,HP-UX,Development,Germany,4
SSIRL007,Solaris,Staging,Ireland,7
ATITA005,AIX,Testing,Italy,5
LSIRL008,Linux,Staging,Ireland,8
LIITA004,Linux,Integration,Italy,4
HPDEU004,HP-UX,Production,Germany,4
ATDEU003,AIX,Testing,Germany,3
HSIRL006,HP-UX,Staging,Ireland,6
LTESP005,Linux,Testing,Spain,5
HSITA003,HP-UX,Staging,Italy,3
LDDEU004,Linux,Development,Germany,4
SPIRL009,Solaris,Production,Ireland,9
LTFRA005,Linux,Testing,France,5
SDITA001,Solaris,Development,Italy,1
SSDEU006,Solaris,Staging,Germany,6
LTDEU009,Linux,Testing,Germany,9
LTDEU010,Linux,Testing,Germany,10
SPDEU010,Solaris,Production,Germany,10
STDEU012,Solaris,Testing,Germany,12
LTESP006,Linux,Testing,Spain,6
STESP006,Solaris,Testing,Spain,6
SSIRL008,Solaris,Staging,Ireland,8
LPITA012,Linux,Production,Italy,12
APIRL003,AIX,Production,Ireland,3
HPIRL003,HP-UX,Production,Ireland,3
SPNOR004,Solaris,Production,Norway,4
STESP007,Solaris,Testing,Spain,7
LPESP011,Linux,Production,Spain,11
LTDEU011,Linux,Testing,Germany,11
LTDEU012,Linux,Testing,Germany,12
LPIRL009,Linux,Production,Ireland,9
SPESP001,Solaris,Production,Spain,1
STIRL009,Solaris,Testing,Ireland,9
LIDEU003,Linux,Integration,Germany,3
ASESP002,AIX,Staging,Spain,2
HPIRL004,HP-UX,Production,Ireland,4
LPIRL010,Linux,Production,Ireland,10
HPESP002,HP-UX,Production,Spain,2
APDEU008,AIX,Production,Germany,8
HDITA001,HP-UX,Development,Italy,1
STIRL010,Solaris,Testing,Ireland,10
SSIRL009,Solaris,Staging,Ireland,9
SSESP002,Solaris,Staging,Spain,2
SPFRA001,Solaris,Production,France,1
LSESP004,Linux,Staging,Spain,4
SPITA003,Solaris,Production,Italy,3
LSDEU003,Linux,Staging,Germany,3
LSDEU004,Linux,Staging,Germany,4
LSIRL009,Linux,Staging,Ireland,9
LTESP007,Linux,Testing,Spain,7
ATIRL003,AIX,Testing,Ireland,3
HTDEU001,HP-UX,Testing,Germany,1
LPDEU008,Linux,Production,Germany,8
HIITA001,HP-UX,Integration,Italy,1
LSESP005,Linux,Staging,Spain,5
LTESP008,Linux,Testing,Spain,8
ASIRL003,AIX,Staging,Ireland,3
LTESP009,Linux,Testing,Spain,9
LPDEU009,Linux,Production,Germany,9
ASIRL004,AIX,Staging,Ireland,4
SPDEU011,Solaris,Production,Germany,11
STFRA007,Solaris,Testing,France,7
LTDEU013,Linux,Testing,Germany,13
HTITA002,HP-UX,Testing,Italy,2
LPIRL011,Linux,Production,Ireland,11
LTESP010,Linux,Testing,Spain,10
APDEU009,AIX,Production,Germany,9
APIRL004,AIX,Production,Ireland,4
SIITA003,Solaris,Integration,Italy,3
HDFRA001,HP-UX,Development,France,1
STESP008,Solaris,Testing,Spain,8
SIDEU006,Solaris,Integration,Germany,6
APITA002,AIX,Production,Italy,2
SDIRL006,Solaris,Development,Ireland,6
LPIRL012,Linux,Production,Ireland,12
HPFRA001,HP-UX,Production,France,1
LTITA010,Linux,Testing,Italy,10
LPFRA005,Linux,Production,France,5
LTFRA006,Linux,Testing,France,6
LIIRL007,Linux,Integration,Ireland,7
ASESP003,AIX,Staging,Spain,3
SIESP002,Solaris,Integration,Spain,2
STESP009,Solaris,Testing,Spain,9
AIDEU002,AIX,Integration,Germany,2
ADESP003,AIX,Development,Spain,3
ATIRL004,AIX,Testing,Ireland,4
LPIRL013,Linux,Production,Ireland,13
SIITA004,Solaris,Integration,Italy,4
ASESP004,AIX,Staging,Spain,4
LIIRL008,Linux,Integration,Ireland,8
LPDEU010,Linux,Production,Germany,10
ASIRL005,AIX,Staging,Ireland,5
LTIRL007,Linux,Testing,Ireland,7
SSESP003,Solaris,Staging,Spain,3
ADESP004,AIX,Development,Spain,4
SPIRL010,Solaris,Production,Ireland,10
SPIRL011,Solaris,Production,Ireland,11
ATESP003,AIX,Testing,Spain,3
LTITA011,Linux,Testing,Italy,11
SPITA004,Solaris,Production,Italy,4
HPIRL005,HP-UX,Production,Ireland,5
STFRA008,Solaris,Testing,France,8
LSDEU005,Linux,Staging,Germany,5
SDESP005,Solaris,Development,Spain,5
SDIRL007,Solaris,Development,Ireland,7
HDIRL001,HP-UX,Development,Ireland,1
STDEU013,Solaris,Testing,Germany,13
ATIRL005,AIX,Testing,Ireland,5
ATIRL006,AIX,Testing,Ireland,6
SSITA006,Solaris,Staging,Italy,6
STESP010,Solaris,Testing,Spain,10
SPESP002,Solaris,Production,Spain,2
SSDEU007,Solaris,Staging,Germany,7
SSITA007,Solaris,Staging,Italy,7
ASESP005,AIX,Staging,Spain,5
SPNOR005,Solaris,Production,Norway,5
SPDEU012,Solaris,Production,Germany,12
SDIRL008,Solaris,Development,Ireland,8
APFRA003,AIX,Production,France,3
LPDEU011,Linux,Production,Germany,11
APITA003,AIX,Production,Italy,3
LPFRA006,Linux,Production,France,6
SIIRL003,Solaris,Integration,Ireland,3
SPFRA002,Solaris,Production,France,2
SSIRL010,Solaris,Staging,Ireland,10
LPDEU012,Linux,Production,Germany,12
LTNOR002,Linux,Testing,Norway,2
LIITA005,Linux,Integration,Italy,5
LIDEU004,Linux,Integration,Germany,4
SPIRL012,Solaris,Production,Ireland,12
STFRA009,Solaris,Testing,France,9
HPFRA002,HP-UX,Production,France,2
LDESP003,Linux,Development,Spain,3
APESP006,AIX,Production,Spain,6
SSIRL011,Solaris,Staging,Ireland,11
LSIRL010,Linux,Staging,Ireland,10
LTFRA007,Linux,Testing,France,7
STIRL011,Solaris,Testing,Ireland,11
LSESP006,Linux,Staging,Spain,6
SIIRL004,Solaris,Integration,Ireland,4
LSFRA003,Linux,Staging,France,3
SIDEU007,Solaris,Integration,Germany,7
HTIRL002,HP-UX,Testing,Ireland,2
LTFRA008,Linux,Testing,France,8
SSIRL012,Solaris,Staging,Ireland,12
LIFRA001,Linux,Integration,France,1
ATITA006,AIX,Testing,Italy,6
LPESP012,Linux,Production,Spain,12
LSITA006,Linux,Staging,Italy,6
LPDEU013,Linux,Production,Germany,13
LSIRL011,Linux,Staging,Ireland,11
STIRL012,Solaris,Testing,Ireland,12
SPFRA003,Solaris,Production,France,3
HTITA003,HP-UX,Testing,Italy,3
ATITA007,AIX,Testing,Italy,7
APNOR002,AIX,Production,Norway,2
LPESP013,Linux,Production,Spain,13
ADIRL001,AIX,Development,Ireland,1
SSESP004,Solaris,Staging,Spain,4
LPDEU014,Linux,Production,Germany,14
SIIRL005,Solaris,Integration,Ireland,5
STDEU014,Solaris,Testing,Germany,14
LTESP011,Linux,Testing,Spain,11
LDFRA002,Linux,Development,France,2
APIRL005,AIX,Production,Ireland,5
STIRL013,Solaris,Testing,Ireland,13
SPNOR006,Solaris,Production,Norway,6
SSITA008,Solaris,Staging,Italy,8
LTIRL008,Linux,Testing,Ireland,8
ADESP005,AIX,Development,Spain,5
SDITA002,Solaris,Development,Italy,2
SPIRL013,Solaris,Production,Ireland,13
LTIRL009,Linux,Testing,Ireland,9
SPNOR007,Solaris,Production,Norway,7
LTFRA009,Linux,Testing,France,9
SPFRA004,Solaris,Production,France,4
SPESP003,Solaris,Production,Spain,3
LSFRA004,Linux,Staging,France,4
LTITA012,Linux,Testing,Italy,12
LIESP002,Linux,Integration,Spain,2
LTDEU014,Linux,Testing,Germany,14
LTDEU015,Linux,Testing,Germany,15
LTFRA010,Linux,Testing,France,10
LSIRL012,Linux,Staging,Ireland,12
SPIRL014,Solaris,Production,Ireland,14
SSITA009,Solaris,Staging,Italy,9
STDEU015,Solaris,Testing,Germany,15
LPESP014,Linux,Production,Spain,14
LPDEU015,Linux,Production,Germany,15
ASDEU008,AIX,Staging,Germany,8
LDDEU005,Linux,Development,Germany,5
LSDEU006,Linux,Staging,Germany,6
LSFRA005,Linux,Staging,France,5
LPDEU016,Linux,Production,Germany,16
HPITA002,HP-UX,Production,Italy,2
LTFRA011,Linux,Testing,France,11
SPIRL015,Solaris,Production,Ireland,15
ASIRL006,AIX,Staging,Ireland,6
HTDEU002,HP-UX,Testing,Germany,2
STIRL014,Solaris,Testing,Ireland,14
SIITA005,Solaris,Integration,Italy,5
SPITA005,Solaris,Production,Italy,5
HSDEU001,HP-UX,Staging,Germany,1
AIFRA001,AIX,Integration,France,1
LDIRL005,Linux,Development,Ireland,5
SPESP004,Solaris,Production,Spain,4
SPIRL016,Solaris,Production,Ireland,16
SIITA006,Solaris,Integration,Italy,6
LPIRL014,Linux,Production,Ireland,14
LSDEU007,Linux,Staging,Germany,7
LPDEU017,Linux,Production,Germany,17
LTIRL010,Linux,Testing,Ireland,10
SSDEU008,Solaris,Staging,Germany,8
APESP007,AIX,Production,Spain,7
AIITA001,AIX,Integration,Italy,1
LDIRL006,Linux,Development,Ireland,6
ASFRA003,AIX,Staging,France,3
LPESP015,Linux,Production,Spain,15
LIFRA002,Linux,Integration,France,2
SDDEU004,Solaris,Development,Germany,4
SSITA010,Solaris,Staging,Italy,10
LSIRL013,Linux,Staging,Ireland,13
LPFRA007,Linux,Production,France,7
APESP008,AIX,Production,Spain,8
AIESP001,AIX,Integration,Spain,1
SPIRL017,Solaris,Production,Ireland,17
LPESP016,Linux,Production,Spain,16
ASESP006,AIX,Staging,Spain,6
HPDEU005,HP-UX,Production,Germany,5
ASIRL007,AIX,Staging,Ireland,7
LIIRL009,Linux,Integration,Ireland,9
LTIRL011,Linux,Testing,Ireland,11
AIDEU003,AIX,Integration,Germany,3
HIIRL001,HP-UX,Integration,Ireland,1
SPITA006,Solaris,Production,Italy,6
SPDEU013,Solaris,Production,Germany,13
LTDEU016,Linux,Testing,Germany,16
LDITA002,Linux,Development,Italy,2
LTITA013,Linux,Testing,Italy,13
SPDEU014,Solaris,Production,Germany,14
LIFRA003,Linux,Integration,France,3
APFRA004,AIX,Production,France,4
APITA004,AIX,Production,Italy,4
HIDEU002,HP-UX,Integration,Germany,2
SSIRL013,Solaris,Staging,Ireland,13
LPFRA008,Linux,Production,France,8
LPESP017,Linux,Production,Spain,17
LIESP003,Linux,Integration,Spain,3
LSDEU008,Linux,Staging,Germany,8
LSDEU009,Linux,Staging,Germany,9
HPIRL006,HP-UX,Production,Ireland,6
LTESP012,Linux,Testing,Spain,12
SPITA007,Solaris,Production,Italy,7
LTESP013,Linux,Testing,Spain,13
LSIRL014,Linux,Staging,Ireland,14
APNOR003,AIX,Production,Norway,3
ADNOR001,AIX,Development,Norway,1
ATDEU004,AIX,Testing,Germany,4
SSIRL014,Solaris,Staging,Ireland,14
SIIRL006,Solaris,Integration,Ireland,6
SDIRL009,Solaris,Development,Ireland,9
STESP011,Solaris,Testing,Spain,11
STITA006,Solaris,Testing,Italy,6
LSITA007,Linux,Staging,Italy,7
ADESP006,AIX,Development,Spain,6
HIIRL002,HP-UX,Integration,Ireland,2
APITA005,AIX,Production,Italy,5
LTDEU017,Linux,Testing,Germany,17
HPIRL007,HP-UX,Production,Ireland,7
HPFRA003,HP-UX,Production,France,3
LDIRL007,Linux,Development,Ireland,7
STESP012,Solaris,Testing,Spain,12
HTITA004,HP-UX,Testing,Italy,4
LIIRL010,Linux,Integration,Ireland,10
LPFRA009,Linux,Production,France,9
SIIRL007,Solaris,Integration,Ireland,7
ADESP007,AIX,Development,Spain,7
LTIRL012,Linux,Testing,Ireland,12
APESP009,AIX,Production,Spain,9
SIIRL008,Solaris,Integration,Ireland,8
LTESP014,Linux,Testing,Spain,14
SPESP005,Solaris,Production,Spain,5
ASFRA004,AIX,Staging,France,4
APESP010,AIX,Production,Spain,10
LTDEU018,Linux,Testing,Germany,18
AIIRL004,AIX,Integration,Ireland,4
ASNOR002,AIX,Staging,Norway,2
SIDEU008,Solaris,Integration,Germany,8
LDDEU006,Linux,Development,Germany,6
AIDEU004,AIX,Integration,Germany,4
ATESP004,AIX,Testing,Spain,4
HTDEU003,HP-UX,Testing,Germany,3
SSIRL015,Solaris,Staging,Ireland,15
SDFRA002,Solaris,Development,France,2
STDEU016,Solaris,Testing,Germany,16
SSIRL016,Solaris,Staging,Ireland,16
LSDEU010,Linux,Staging,Germany,10
SIDEU009,Solaris,Integration,Germany,9
HDNOR001,HP-UX,Development,Norway,1
STIRL015,Solaris,Testing,Ireland,15
SSNOR001,Solaris,Staging,Norway,1
ASITA001,AIX,Staging,Italy,1
LTDEU019,Linux,Testing,Germany,19
LIITA006,Linux,Integration,Italy,6
STDEU017,Solaris,Testing,Germany,17
LTITA014,Linux,Testing,Italy,14
ATDEU005,AIX,Testing,Germany,5
ADNOR002,AIX,Development,Norway,2
SDDEU005,Solaris,Development,Germany,5
SSIRL017,Solaris,Staging,Ireland,17
LTNOR003,Linux,Testing,Norway,3
LSESP007,Linux,Staging,Spain,7
STDEU018,Solaris,Testing,Germany,18
LPITA013,Linux,Production,Italy,13
LPESP018,Linux,Production,Spain,18
APIRL006,AIX,Production,Ireland,6
LIITA007,Linux,Integration,Italy,7
LSDEU011,Linux,Staging,Germany,11
HTDEU004,HP-UX,Testing,Germany,4
STESP013,Solaris,Testing,Spain,13
LSDEU012,Linux,Staging,Germany,12
SINOR001,Solaris,Integration,Norway,1
SIITA007,Solaris,Integration,Italy,7
SPIRL018,Solaris,Production,Ireland,18
ASIRL008,AIX,Staging,Ireland,8
LTDEU020,Linux,Testing,Germany,20
ADDEU003,AIX,Development,Germany,3
SPESP006,Solaris,Production,Spain,6
LSIRL015,Linux,Staging,Ireland,15
STESP014,Solaris,Testing,Spain,14
LTIRL013,Linux,Testing,Ireland,13
ATESP005,AIX,Testing,Spain,5
HSDEU002,HP-UX,Staging,Germany,2
LTITA015,Linux,Testing,Italy,15
SDDEU006,Solaris,Development,Germany,6
LPITA014,Linux,Production,Italy,14
LTESP015,Linux,Testing,Spain,15
LPESP019,Linux,Production,Spain,19
HIIRL003,HP-UX,Integration,Ireland,3
SPIRL019,Solaris,Production,Ireland,19
STNOR001,Solaris,Testing,Norway,1
LPDEU018,Linux,Production,Germany,18
LIIRL011,Linux,Integration,Ireland,11
LSIRL016,Linux,Staging,Ireland,16
SSIRL018,Solaris,Staging,Ireland,18
SPDEU015,Solaris,Production,Germany,15
STIRL016,Solaris,Testing,Ireland,16
HSFRA001,HP-UX,Staging,France,1
ADITA004,AIX,Development,Italy,4
LSESP008,Linux,Staging,Spain,8
ASNOR003,AIX,Staging,Norway,3
HSNOR001,HP-UX,Staging,Norway,1
HPIRL008,HP-UX,Production,Ireland,8
STIRL017,Solaris,Testing,Ireland,17
SIIRL009,Solaris,Integration,Ireland,9
LSIRL017,Linux,Staging,Ireland,17
LIESP004,Linux,Integration,Spain,4
HPIRL009,HP-UX,Production,Ireland,9
SIITA008,Solaris,Integration,Italy,8
HPITA003,HP-UX,Production,Italy,3
LIDEU005,Linux,Integration,Germany,5
ATITA008,AIX,Testing,Italy,8
ATITA009,AIX,Testing,Italy,9
SSDEU009,Solaris,Staging,Germany,9
ATFRA002,AIX,Testing,France,2
SPNOR008,Solaris,Production,Norway,8
LTDEU021,Linux,Testing,Germany,21
LTDEU022,Linux,Testing,Germany,22
HTDEU005,HP-UX,Testing,Germany,5
LPIRL015,Linux,Production,Ireland,15
LIIRL012,Linux,Integration,Ireland,12
APDEU010,AIX,Production,Germany,10
LDDEU007,Linux,Development,Germany,7
LPITA015,Linux,Production,Italy,15
LPIRL016,Linux,Production,Ireland,16
ASIRL009,AIX,Staging,Ireland,9
LTITA016,Linux,Testing,Italy,16
STITA007,Solaris,Testing,Italy,7
HDIRL002,HP-UX,Development,Ireland,2
LSFRA006,Linux,Staging,France,6
SSESP005,Solaris,Staging,Spain,5
SSITA011,Solaris,Staging,Italy,11
SSESP006,Solaris,Staging,Spain,6
STESP015,Solaris,Testing,Spain,15
SPNOR009,Solaris,Production,Norway,9
SDDEU007,Solaris,Development,Germany,7
STITA008,Solaris,Testing,Italy,8
LTFRA012,Linux,Testing,France,12
STIRL018,Solaris,Testing,Ireland,18
ADIRL002,AIX,Development,Ireland,2
LSESP009,Linux,Staging,Spain,9
SDFRA003,Solaris,Development,France,3
STIRL019,Solaris,Testing,Ireland,19
SPDEU016,Solaris,Production,Germany,16
LTIRL014,Linux,Testing,Ireland,14
LTIRL015,Linux,Testing,Ireland,15
LINOR001,Linux,Integration,Norway,1
ADIRL003,AIX,Development,Ireland,3
STITA009,Solaris,Testing,Italy,9
SSIRL019,Solaris,Staging,Ireland,19
LSESP010,Linux,Staging,Spain,10
SDIRL010,Solaris,Development,Ireland,10
HTIRL003,HP-UX,Testing,Ireland,3
STFRA010,Solaris,Testing,France,10
LTIRL016,Linux,Testing,Ireland,16
APITA006,AIX,Production,Italy,6
SPDEU017,Solaris,Production,Germany,17
ATFRA003,AIX,Testing,France,3
SPIRL020,Solaris,Production,Ireland,20
LDDEU008,Linux,Development,Germany,8
APIRL007,AIX,Production,Ireland,7
ATDEU006,AIX,Testing,Germany,6
APFRA005,AIX,Production,France,5
HPITA004,HP-UX,Production,Italy,4
SPIRL021,Solaris,Production,Ireland,21
HIDEU003,HP-UX,Integration,Germany,3
LSFRA007,Linux,Staging,France,7
ASESP007,AIX,Staging,Spain,7
SPDEU018,Solaris,Production,Germany,18
LPESP020,Linux,Production,Spain,20
SDIRL011,Solaris,Development,Ireland,11
AIIRL005,AIX,Integration,Ireland,5
ASESP008,AIX,Staging,Spain,8
LDESP004,Linux,Development,Spain,4
LTIRL017,Linux,Testing,Ireland,17
LIDEU006,Linux,Integration,Germany,6
HSITA004,HP-UX,Staging,Italy,4
HSESP003,HP-UX,Staging,Spain,3
LTDEU023,Linux,Testing,Germany,23
SSITA012,Solaris,Staging,Italy,12
LTIRL018,Linux,Testing,Ireland,18
APNOR004,AIX,Production,Norway,4
SDITA003,Solaris,Development,Italy,3
HTIRL004,HP-UX,Testing,Ireland,4
SSIRL020,Solaris,Staging,Ireland,20
LIFRA004,Linux,Integration,France,4
APITA007,AIX,Production,Italy,7
LTESP016,Linux,Testing,Spain,16
APIRL008,AIX,Production,Ireland,8
HPIRL010,HP-UX,Production,Ireland,10
SPESP007,Solaris,Production,Spain,7
LTIRL019,Linux,Testing,Ireland,19
LPIRL017,Linux,Production,Ireland,17
LTIRL020,Linux,Testing,Ireland,20
LSITA008,Linux,Staging,Italy,8
LPDEU019,Linux,Production,Germany,19
HSITA005,HP-UX,Staging,Italy,5
ASITA002,AIX,Staging,Italy,2
LTITA017,Linux,Testing,Italy,17
LPESP021,Linux,Production,Spain,21
SSFRA005,Solaris,Staging,France,5
STITA010,Solaris,Testing,Italy,10
SPDEU019,Solaris,Production,Germany,19
ATDEU007,AIX,Testing,Germany,7
LDIRL008,Linux,Development,Ireland,8
LTESP017,Linux,Testing,Spain,17
ATDEU008,AIX,Testing,Germany,8
LSESP011,Linux,Staging,Spain,11
SSDEU010,Solaris,Staging,Germany,10
LSIRL018,Linux,Staging,Ireland,18
LDESP005,Linux,Development,Spain,5
SPDEU020,Solaris,Production,Germany,20
STIRL020,Solaris,Testing,Ireland,20
LPITA016,Linux,Production,Italy,16
LDIRL009,Linux,Development,Ireland,9
SSFRA006,Solaris,Staging,France,6
HIESP002,HP-UX,Integration,Spain,2
LTIRL021,Linux,Testing,Ireland,21
SDDEU008,Solaris,Development,Germany,8
LTNOR004,Linux,Testing,Norway,4
SSIRL021,Solaris,Staging,Ireland,21
LPIRL018,Linux,Production,Ireland,18
LPESP022,Linux,Production,Spain,22
AIDEU005,AIX,Integration,Germany,5
LIFRA005,Linux,Integration,France,5
SPDEU021,Solaris,Production,Germany,21
HPDEU006,HP-UX,Production,Germany,6
APDEU011,AIX,Production,Germany,11
LSFRA008,Linux,Staging,France,8
LDDEU009,Linux,Development,Germany,9
LTDEU024,Linux,Testing,Germany,24
LTITA018,Linux,Testing,Italy,18
STITA011,Solaris,Testing,Italy,11
ATIRL007,AIX,Testing,Ireland,7
SDDEU009,Solaris,Development,Germany,9
LIITA008,Linux,Integration,Italy,8
LPIRL019,Linux,Production,Ireland,19
SSDEU011,Solaris,Staging,Germany,11
ASDEU009,AIX,Staging,Germany,9
LSIRL019,Linux,Staging,Ireland,19
APITA008,AIX,Production,Italy,8
APIRL009,AIX,Production,Ireland,9
LPIRL020,Linux,Production,Ireland,20
SPESP008,Solaris,Production,Spain,8
HPNOR001,HP-UX,Production,Norway,1
ASDEU010,AIX,Staging,Germany,10
LIESP005,Linux,Integration,Spain,5
APITA009,AIX,Production,Italy,9
ADIRL004,AIX,Development,Ireland,4
SPNOR010,Solaris,Production,Norway,10
LSIRL020,Linux,Staging,Ireland,20
LPIRL021,Linux,Production,Ireland,21
SPITA008,Solaris,Production,Italy,8
LTIRL022,Linux,Testing,Ireland,22
LPFRA010,Linux,Production,France,10
ATITA010,AIX,Testing,Italy,10
SPDEU022,Solaris,Production,Germany,22
APESP011,AIX,Production,Spain,11
SIFRA002,Solaris,Integration,France,2
APITA010,AIX,Production,Italy,10
SSITA013,Solaris,Staging,Italy,13
APFRA006,AIX,Production,France,6
SIESP003,Solaris,Integration,Spain,3
APITA011,AIX,Production,Italy,11
ASIRL010,AIX,Staging,Ireland,10
LIIRL013,Linux,Integration,Ireland,13
HSIRL007,HP-UX,Staging,Ireland,7
ASESP009,AIX,Staging,Spain,9
SSDEU012,Solaris,Staging,Germany,12
LSESP012,Linux,Staging,Spain,12
HPIRL011,HP-UX,Production,Ireland,11
STDEU019,Solaris,Testing,Germany,19
LSDEU013,Linux,Staging,Germany,13
SIITA009,Solaris,Integration,Italy,9
SPNOR011,Solaris,Production,Norway,11
LSITA009,Linux,Staging,Italy,9
LPIRL022,Linux,Production,Ireland,22
SPESP009,Solaris,Production,Spain,9
ATIRL008,AIX,Testing,Ireland,8
ADFRA001,AIX,Development,France,1
LIITA009,Linux,Integration,Italy,9
HSDEU003,HP-UX,Staging,Germany,3
SDFRA004,Solaris,Development,France,4
HDIRL003,HP-UX,Development,Ireland,3
HTFRA001,HP-UX,Testing,France,1
HIITA002,HP-UX,Integration,Italy,2
LSDEU014,Linux,Staging,Germany,14
SDESP006,Solaris,Development,Spain,6
ASITA003,AIX,Staging,Italy,3
ADFRA002,AIX,Development,France,2
AIITA002,AIX,Integration,Italy,2
ATNOR002,AIX,Testing,Norway,2
ASNOR004,AIX,Staging,Norway,4
ATIRL009,AIX,Testing,Ireland,9
ATFRA004,AIX,Testing,France,4
SPNOR012,Solaris,Production,Norway,12
APDEU012,AIX,Production,Germany,12
ATDEU009,AIX,Testing,Germany,9
SPITA009,Solaris,Production,Italy,9
LSNOR004,Linux,Staging,Norway,4
LTIRL023,Linux,Testing,Ireland,23
LTDEU025,Linux,Testing,Germany,25
LPESP023,Linux,Production,Spain,23
LSDEU015,Linux,Staging,Germany,15
SSITA014,Solaris,Staging,Italy,14
SSIRL022,Solaris,Staging,Ireland,22
STDEU020,Solaris,Testing,Germany,20
LTIRL024,Linux,Testing,Ireland,24
LPIRL023,Linux,Production,Ireland,23
SDIRL012,Solaris,Development,Ireland,12
SSDEU013,Solaris,Staging,Germany,13
LDITA003,Linux,Development,Italy,3
HTIRL005,HP-UX,Testing,Ireland,5
STIRL021,Solaris,Testing,Ireland,21
APDEU013,AIX,Production,Germany,13
LTIRL025,Linux,Testing,Ireland,25
LPESP024,Linux,Production,Spain,24
SIESP004,Solaris,Integration,Spain,4
ATITA011,AIX,Testing,Italy,11
LPDEU020,Linux,Production,Germany,20
ATIRL010,AIX,Testing,Ireland,10
SSIRL023,Solaris,Staging,Ireland,23
AIIRL006,AIX,Integration,Ireland,6
LSESP013,Linux,Staging,Spain,13
LPITA017,Linux,Production,Italy,17
SPIRL022,Solaris,Production,Ireland,22
STESP016,Solaris,Testing,Spain,16
STFRA011,Solaris,Testing,France,11
APIRL010,AIX,Production,Ireland,10
LTFRA013,Linux,Testing,France,13
ASDEU011,AIX,Staging,Germany,11
LTITA019,Linux,Testing,Italy,19
APDEU014,AIX,Production,Germany,14
SPITA010,Solaris,Production,Italy,10
LPFRA011,Linux,Production,France,11
APIRL011,AIX,Production,Ireland,11
LTITA020,Linux,Testing,Italy,20
APIRL012,AIX,Production,Ireland,12
STIRL022,Solaris,Testing,Ireland,22
LIIRL014,Linux,Integration,Ireland,14
SSIRL024,Solaris,Staging,Ireland,24
ATDEU010,AIX,Testing,Germany,10
LIESP006,Linux,Integration,Spain,6
SDDEU010,Solaris,Development,Germany,10
SSIRL025,Solaris,Staging,Ireland,25
LTIRL026,Linux,Testing,Ireland,26
LDDEU010,Linux,Development,Germany,10
APITA012,AIX,Production,Italy,12
APESP012,AIX,Production,Spain,12
STITA012,Solaris,Testing,Italy,12
APITA013,AIX,Production,Italy,13
HTESP001,HP-UX,Testing,Spain,1
LPESP025,Linux,Production,Spain,25
LSFRA009,Linux,Staging,France,9
LPFRA012,Linux,Production,France,12
LDIRL010,Linux,Development,Ireland,10
AIIRL007,AIX,Integration,Ireland,7
ASESP010,AIX,Staging,Spain,10
SSIRL026,Solaris,Staging,Ireland,26
LSESP014,Linux,Staging,Spain,14
HSNOR002,HP-UX,Staging,Norway,2
SSDEU014,Solaris,Staging,Germany,14
ADDEU004,AIX,Development,Germany,4
LPITA018,Linux,Production,Italy,18
LPESP026,Linux,Production,Spain,26
ATESP006,AIX,Testing,Spain,6
SSESP007,Solaris,Staging,Spain,7
HSITA006,HP-UX,Staging,Italy,6
HPDEU007,HP-UX,Production,Germany,7
LTIRL027,Linux,Testing,Ireland,27
LTDEU026,Linux,Testing,Germany,26
ATIRL011,AIX,Testing,Ireland,11
SSDEU015,Solaris,Staging,Germany,15
LPITA019,Linux,Production,Italy,19
ATESP007,AIX,Testing,Spain,7
HPFRA004,HP-UX,Production,France,4
ATIRL012,AIX,Testing,Ireland,12
SSNOR002,Solaris,Staging,Norway,2
HPIRL012,HP-UX,Production,Ireland,12
SPIRL023,Solaris,Production,Ireland,23
LTDEU027,Linux,Testing,Germany,27
SSIRL027,Solaris,Staging,Ireland,27
SPIRL024,Solaris,Production,Ireland,24
ASESP011,AIX,Staging,Spain,11
STDEU021,Solaris,Testing,Germany,21
SIITA010,Solaris,Integration,Italy,10
SPITA011,Solaris,Production,Italy,11
SSIRL028,Solaris,Staging,Ireland,28
STESP017,Solaris,Testing,Spain,17
ASNOR005,AIX,Staging,Norway,5
LPFRA013,Linux,Production,France,13
LTDEU028,Linux,Testing,Germany,28
HSESP004,HP-UX,Staging,Spain,4
HIITA003,HP-UX,Integration,Italy,3
LDFRA003,Linux,Development,France,3
LSIRL021,Linux,Staging,Ireland,21
LINOR002,Linux,Integration,Norway,2
SSITA015,Solaris,Staging,Italy,15
SPDEU023,Solaris,Production,Germany,23
LSITA010,Linux,Staging,Italy,10
LDDEU011,Linux,Development,Germany,11
HSIRL008,HP-UX,Staging,Ireland,8
LPNOR001,Linux,Production,Norway,1
LSITA011,Linux,Staging,Italy,11
SSFRA007,Solaris,Staging,France,7
APDEU015,AIX,Production,Germany,15
SPDEU024,Solaris,Production,Germany,24
SPESP010,Solaris,Production,Spain,10
LTESP018,Linux,Testing,Spain,18
LPIRL024,Linux,Production,Ireland,24
SPIRL025,Solaris,Production,Ireland,25
SPFRA005,Solaris,Production,France,5
ASNOR006,AIX,Staging,Norway,6
HPDEU008,HP-UX,Production,Germany,8
SSIRL029,Solaris,Staging,Ireland,29
LSIRL022,Linux,Staging,Ireland,22
SSFRA008,Solaris,Staging,France,8
ATIRL013,AIX,Testing,Ireland,13
SPIRL026,Solaris,Production,Ireland,26
LPIRL025,Linux,Production,Ireland,25
LSIRL023,Linux,Staging,Ireland,23
SSFRA009,Solaris,Staging,France,9
STIRL023,Solaris,Testing,Ireland,23
SPESP011,Solaris,Production,Spain,11
APITA014,AIX,Production,Italy,14
ASDEU012,AIX,Staging,Germany,12
SPESP012,Solaris,Production,Spain,12
ATIRL014,AIX,Testing,Ireland,14
ATIRL015,AIX,Testing,Ireland,15
LPIRL026,Linux,Production,Ireland,26
HTESP002,HP-UX,Testing,Spain,2
SPITA012,Solaris,Production,Italy,12
SSNOR003,Solaris,Staging,Norway,3
ASIRL011,AIX,Staging,Ireland,11
LSNOR005,Linux,Staging,Norway,5
STITA013,Solaris,Testing,Italy,13
HPIRL013,HP-UX,Production,Ireland,13
LDFRA004,Linux,Development,France,4
LSESP015,Linux,Staging,Spain,15
APDEU016,AIX,Production,Germany,16
HSIRL009,HP-UX,Staging,Ireland,9
LSIRL024,Linux,Staging,Ireland,24
STFRA012,Solaris,Testing,France,12
SSIRL030,Solaris,Staging,Ireland,30
HIESP003,HP-UX,Integration,Spain,3
LTDEU029,Linux,Testing,Germany,29
HTIRL006,HP-UX,Testing,Ireland,6
LIIRL015,Linux,Integration,Ireland,15
LTESP019,Linux,Testing,Spain,19
STFRA013,Solaris,Testing,France,13
STDEU022,Solaris,Testing,Germany,22
LSIRL025,Linux,Staging,Ireland,25
LSIRL026,Linux,Staging,Ireland,26
ADIRL005,AIX,Development,Ireland,5
APDEU017,AIX,Production,Germany,17
SPITA013,Solaris,Production,Italy,13
ASIRL012,AIX,Staging,Ireland,12
ASDEU013,AIX,Staging,Germany,13
LSIRL027,Linux,Staging,Ireland,27
LPITA020,Linux,Production,Italy,20
LTESP020,Linux,Testing,Spain,20
LSESP016,Linux,Staging,Spain,16
LPITA021,Linux,Production,Italy,21
LDITA004,Linux,Development,Italy,4
LSIRL028,Linux,Staging,Ireland,28
LTIRL028,Linux,Testing,Ireland,28
LSDEU016,Linux,Staging,Germany,16
ADNOR003,AIX,Development,Norway,3
LPNOR002,Linux,Production,Norway,2
LIITA010,Linux,Integration,Italy,10
SSESP008,Solaris,Staging,Spain,8
LSIRL029,Linux,Staging,Ireland,29
LPIRL027,Linux,Production,Ireland,27
LPIRL028,Linux,Production,Ireland,28
LIITA011,Linux,Integration,Italy,11
LPESP027,Linux,Production,Spain,27
SSIRL031,Solaris,Staging,Ireland,31
LSESP017,Linux,Staging,Spain,17
LTESP021,Linux,Testing,Spain,21
LIITA012,Linux,Integration,Italy,12
ATDEU011,AIX,Testing,Germany,11
SPITA014,Solaris,Production,Italy,14
ATIRL016,AIX,Testing,Ireland,16
HTNOR002,HP-UX,Testing,Norway,2
LPITA022,Linux,Production,Italy,22
LPDEU021,Linux,Production,Germany,21
SSIRL032,Solaris,Staging,Ireland,32
ATIRL017,AIX,Testing,Ireland,17
LPDEU022,Linux,Production,Germany,22
ADNOR004,AIX,Development,Norway,4
APIRL013,AIX,Production,Ireland,13
APIRL014,AIX,Production,Ireland,14
LSIRL030,Linux,Staging,Ireland,30
LPITA023,Linux,Production,Italy,23
LPDEU023,Linux,Production,Germany,23
LPESP028,Linux,Production,Spain,28
LPFRA014,Linux,Production,France,14
SDIRL013,Solaris,Development,Ireland,13
LSESP018,Linux,Staging,Spain,18
STESP018,Solaris,Testing,Spain,18
APDEU018,AIX,Production,Germany,18
LPESP029,Linux,Production,Spain,29
STIRL024,Solaris,Testing,Ireland,24
LDESP006,Linux,Development,Spain,6
SPITA015,Solaris,Production,Italy,15
ASIRL013,AIX,Staging,Ireland,13
AIDEU006,AIX,Integration,Germany,6
SDFRA005,Solaris,Development,France,5
APESP013,AIX,Production,Spain,13
SDIRL014,Solaris,Development,Ireland,14
HDIRL004,HP-UX,Development,Ireland,4
LTNOR005,Linux,Testing,Norway,5
LDFRA005,Linux,Development,France,5
LPESP030,Linux,Production,Spain,30
SIESP005,Solaris,Integration,Spain,5
ATESP008,AIX,Testing,Spain,8
LPESP031,Linux,Production,Spain,31
SPESP013,Solaris,Production,Spain,13
SIITA011,Solaris,Integration,Italy,11
APIRL015,AIX,Production,Ireland,15
SSFRA010,Solaris,Staging,France,10
SSNOR004,Solaris,Staging,Norway,4
ADFRA003,AIX,Development,France,3
LPESP032,Linux,Production,Spain,32
SPESP014,Solaris,Production,Spain,14
LSESP019,Linux,Staging,Spain,19
LPESP033,Linux,Production,Spain,33
ADDEU005,AIX,Development,Germany,5
LIFRA006,Linux,Integration,France,6
AIESP002,AIX,Integration,Spain,2
AIFRA002,AIX,Integration,France,2
LPFRA015,Linux,Production,France,15
LSIRL031,Linux,Staging,Ireland,31
SSESP009,Solaris,Staging,Spain,9
LDIRL011,Linux,Development,Ireland,11
LDDEU012,Linux,Development,Germany,12
LTNOR006,Linux,Testing,Norway,6
LIIRL016,Linux,Integration,Ireland,16
LIDEU007,Linux,Integration,Germany,7
LSFRA010,Linux,Staging,France,10
STESP019,Solaris,Testing,Spain,19
LDITA005,Linux,Development,Italy,5
SPDEU025,Solaris,Production,Germany,25
LTDEU030,Linux,Testing,Germany,30
SSESP010,Solaris,Staging,Spain,10
STIRL025,Solaris,Testing,Ireland,25
AIIRL008,AIX,Integration,Ireland,8
LPDEU024,Linux,Production,Germany,24
LTDEU031,Linux,Testing,Germany,31
LTFRA014,Linux,Testing,France,14
LTNOR007,Linux,Testing,Norway,7
SSFRA011,Solaris,Staging,France,11
SSIRL033,Solaris,Staging,Ireland,33
SPDEU026,Solaris,Production,Germany,26
APESP014,AIX,Production,Spain,14
LTIRL029,Linux,Testing,Ireland,29
SPFRA006,Solaris,Production,France,6
LPIRL029,Linux,Production,Ireland,29
ASESP012,AIX,Staging,Spain,12
HSESP005,HP-UX,Staging,Spain,5
LTESP022,Linux,Testing,Spain,22
ASITA004,AIX,Staging,Italy,4
ATFRA005,AIX,Testing,France,5
LSESP020,Linux,Staging,Spain,20
LDIRL012,Linux,Development,Ireland,12
SSIRL034,Solaris,Staging,Ireland,34
STIRL026,Solaris,Testing,Ireland,26
LSDEU017,Linux,Staging,Germany,17
LIIRL017,Linux,Integration,Ireland,17
SPIRL027,Solaris,Production,Ireland,27
HIIRL004,HP-UX,Integration,Ireland,4
LIIRL018,Linux,Integration,Ireland,18
LTIRL030,Linux,Testing,Ireland,30
SDDEU011,Solaris,Development,Germany,11
AIDEU007,AIX,Integration,Germany,7
SIIRL010,Solaris,Integration,Ireland,10
SSESP011,Solaris,Staging,Spain,11
LSESP021,Linux,Staging,Spain,21
LIDEU008,Linux,Integration,Germany,8
APDEU019,AIX,Production,Germany,19
SDITA004,Solaris,Development,Italy,4
LSDEU018,Linux,Staging,Germany,18
HPIRL014,HP-UX,Production,Ireland,14
LPIRL030,Linux,Production,Ireland,30
LPESP034,Linux,Production,Spain,34
SSESP012,Solaris,Staging,Spain,12
LPFRA016,Linux,Production,France,16
APIRL016,AIX,Production,Ireland,16
APIRL017,AIX,Production,Ireland,17
SSNOR005,Solaris,Staging,Norway,5
HTITA005,HP-UX,Testing,Italy,5
SPESP015,Solaris,Production,Spain,15
LSDEU019,Linux,Staging,Germany,19
ADIRL006,AIX,Development,Ireland,6
LSIRL032,Linux,Staging,Ireland,32
LPFRA017,Linux,Production,France,17
AIIRL009,AIX,Integration,Ireland,9
LSESP022,Linux,Staging,Spain,22
LIIRL019,Linux,Integration,Ireland,19
LTESP023,Linux,Testing,Spain,23
LPDEU025,Linux,Production,Germany,25
ATITA012,AIX,Testing,Italy,12
LSESP023,Linux,Staging,Spain,23
ATDEU012,AIX,Testing,Germany,12
LSIRL033,Linux,Staging,Ireland,33
STDEU023,Solaris,Testing,Germany,23
LIITA013,Linux,Integration,Italy,13
SPDEU027,Solaris,Production,Germany,27
HSIRL010,HP-UX,Staging,Ireland,10
ATIRL018,AIX,Testing,Ireland,18
ATDEU013,AIX,Testing,Germany,13
HDIRL005,HP-UX,Development,Ireland,5
SIESP006,Solaris,Integration,Spain,6
ATITA013,AIX,Testing,Italy,13
LPIRL031,Linux,Production,Ireland,31
LTESP024,Linux,Testing,Spain,24
LPESP035,Linux,Production,Spain,35
SIESP007,Solaris,Integration,Spain,7
LTFRA015,Linux,Testing,France,15
HDFRA002,HP-UX,Development,France,2
LTIRL031,Linux,Testing,Ireland,31
LIIRL020,Linux,Integration,Ireland,20
LPIRL032,Linux,Production,Ireland,32
LIDEU009,Linux,Integration,Germany,9
LPIRL033,Linux,Production,Ireland,33
LIIRL021,Linux,Integration,Ireland,21
LSESP024,Linux,Staging,Spain,24
ADNOR005,AIX,Development,Norway,5
HTIRL007,HP-UX,Testing,Ireland,7
LSIRL034,Linux,Staging,Ireland,34
APDEU020,AIX,Production,Germany,20
LTIRL032,Linux,Testing,Ireland,32
LSESP025,Linux,Staging,Spain,25
HPESP003,HP-UX,Production,Spain,3
ATIRL019,AIX,Testing,Ireland,19
ADESP008,AIX,Development,Spain,8
ATDEU014,AIX,Testing,Germany,14
SPNOR013,Solaris,Production,Norway,13
LSNOR006,Linux,Staging,Norway,6
SPIRL028,Solaris,Production,Ireland,28
LIITA014,Linux,Integration,Italy,14
LTESP025,Linux,Testing,Spain,25
ATDEU015,AIX,Testing,Germany,15
ATFRA006,AIX,Testing,France,6
ASITA005,AIX,Staging,Italy,5
LPFRA018,Linux,Production,France,18
LSDEU020,Linux,Staging,Germany,20
HPFRA005,HP-UX,Production,France,5
LPESP036,Linux,Production,Spain,36
ASESP013,AIX,Staging,Spain,13
SPESP016,Solaris,Production,Spain,16
STIRL027,Solaris,Testing,Ireland,27
SSESP013,Solaris,Staging,Spain,13
ATESP009,AIX,Testing,Spain,9
LTESP026,Linux,Testing,Spain,26
LDIRL013,Linux,Development,Ireland,13
ATDEU016,AIX,Testing,Germany,16
LTIRL033,Linux,Testing,Ireland,33
HTIRL008,HP-UX,Testing,Ireland,8
LTESP027,Linux,Testing,Spain,27
LDNOR002,Linux,Development,Norway,2
LTESP028,Linux,Testing,Spain,28
LSESP026,Linux,Staging,Spain,26
AIESP003,AIX,Integration,Spain,3
SSITA016,Solaris,Staging,Italy,16
ATIRL020,AIX,Testing,Ireland,20
SSESP014,Solaris,Staging,Spain,14
ADFRA004,AIX,Development,France,4
LSIRL035,Linux,Staging,Ireland,35
LSESP027,Linux,Staging,Spain,27
HTESP003,HP-UX,Testing,Spain,3
SSFRA012,Solaris,Staging,France,12
ASITA006,AIX,Staging,Italy,6
LTESP029,Linux,Testing,Spain,29
APIRL018,AIX,Production,Ireland,18
LSIRL036,Linux,Staging,Ireland,36
HPESP004,HP-UX,Production,Spain,4
LPNOR003,Linux,Production,Norway,3
LTDEU032,Linux,Testing,Germany,32
SSIRL035,Solaris,Staging,Ireland,35
LINOR003,Linux,Integration,Norway,3
ATIRL021,AIX,Testing,Ireland,21
LSNOR007,Linux,Staging,Norway,7
ASIRL014,AIX,Staging,Ireland,14
LTFRA016,Linux,Testing,France,16
LPDEU026,Linux,Production,Germany,26
HPESP005,HP-UX,Production,Spain,5
HDITA002,HP-UX,Development,Italy,2
ASIRL015,AIX,Staging,Ireland,15
LSDEU021,Linux,Staging,Germany,21
STIRL028,Solaris,Testing,Ireland,28
LTFRA017,Linux,Testing,France,17
LIDEU010,Linux,Integration,Germany,10
LSDEU022,Linux,Staging,Germany,22
ADDEU006,AIX,Development,Germany,6
LPESP037,Linux,Production,Spain,37
LSFRA011,Linux,Staging,France,11
ASDEU014,AIX,Staging,Germany,14
SPNOR014,Solaris,Production,Norway,14
STIRL029,Solaris,Testing,Ireland,29
LSITA012,Linux,Staging,Italy,12
LSDEU023,Linux,Staging,Germany,23
LPIRL034,Linux,Production,Ireland,34
APITA015,AIX,Production,Italy,15
LSESP028,Linux,Staging,Spain,28
HSITA007,HP-UX,Staging,Italy,7
APIRL019,AIX,Production,Ireland,19
SSNOR006,Solaris,Staging,Norway,6
SPFRA007,Solaris,Production,France,7
ATDEU017,AIX,Testing,Germany,17
STIRL030,Solaris,Testing,Ireland,30
SSIRL036,Solaris,Staging,Ireland,36
ATITA014,AIX,Testing,Italy,14
LTIRL034,Linux,Testing,Ireland,34
LSNOR008,Linux,Staging,Norway,8
STFRA014,Solaris,Testing,France,14
SPDEU028,Solaris,Production,Germany,28
LSIRL037,Linux,Staging,Ireland,37
LPDEU027,Linux,Production,Germany,27
AIIRL010,AIX,Integration,Ireland,10
LTDEU033,Linux,Testing,Germany,33
ASIRL016,AIX,Staging,Ireland,16
ASDEU015,AIX,Staging,Germany,15
LSIRL038,Linux,Staging,Ireland,38
SPITA016,Solaris,Production,Italy,16
STDEU024,Solaris,Testing,Germany,24
LSESP029,Linux,Staging,Spain,29
STNOR002,Solaris,Testing,Norway,2
LPDEU028,Linux,Production,Germany,28
LTIRL035,Linux,Testing,Ireland,35
HTESP004,HP-UX,Testing,Spain,4
LPDEU029,Linux,Production,Germany,29
LIESP007,Linux,Integration,Spain,7
LSDEU024,Linux,Staging,Germany,24
SPIRL029,Solaris,Production,Ireland,29
LTESP030,Linux,Testing,Spain,30
SSIRL037,Solaris,Staging,Ireland,37
ASIRL017,AIX,Staging,Ireland,17
LSNOR009,Linux,Staging,Norway,9
LPDEU030,Linux,Production,Germany,30
HTDEU006,HP-UX,Testing,Germany,6
LPIRL035,Linux,Production,Ireland,35
STIRL031,Solaris,Testing,Ireland,31
LIDEU011,Linux,Integration,Germany,11
LPDEU031,Linux,Production,Germany,31
LTDEU034,Linux,Testing,Germany,34
APDEU021,AIX,Production,Germany,21
LTDEU035,Linux,Testing,Germany,35
LSFRA012,Linux,Staging,France,12
SDIRL015,Solaris,Development,Ireland,15
SPIRL030,Solaris,Production,Ireland,30
SSDEU016,Solaris,Staging,Germany,16
LPDEU032,Linux,Production,Germany,32
HPNOR002,HP-UX,Production,Norway,2
LPIRL036,Linux,Production,Ireland,36
SSIRL038,Solaris,Staging,Ireland,38
LSIRL039,Linux,Staging,Ireland,39
ASESP014,AIX,Staging,Spain,14
LSIRL040,Linux,Staging,Ireland,40
SIIRL011,Solaris,Integration,Ireland,11
LSIRL041,Linux,Staging,Ireland,41
SPIRL031,Solaris,Production,Ireland,31
LDIRL014,Linux,Development,Ireland,14
LPITA024,Linux,Production,Italy,24
LPIRL037,Linux,Production,Ireland,37
SIESP008,Solaris,Integration,Spain,8
HSITA008,HP-UX,Staging,Italy,8
LDITA006,Linux,Development,Italy,6
LIDEU012,Linux,Integration,Germany,12
ATFRA007,AIX,Testing,France,7
LPESP038,Linux,Production,Spain,38
LTITA021,Linux,Testing,Italy,21
LSFRA013,Linux,Staging,France,13
SPDEU029,Solaris,Production,Germany,29
LSDEU025,Linux,Staging,Germany,25
SDITA005,Solaris,Development,Italy,5
LTESP031,Linux,Testing,Spain,31
SPITA017,Solaris,Production,Italy,17
AINOR001,AIX,Integration,Norway,1
ATIRL022,AIX,Testing,Ireland,22
LPIRL038,Linux,Production,Ireland,38
APITA016,AIX,Production,Italy,16
LPIRL039,Linux,Production,Ireland,39
LSITA013,Linux,Staging,Italy,13
SSIRL039,Solaris,Staging,Ireland,39
SPIRL032,Solaris,Production,Ireland,32
STITA014,Solaris,Testing,Italy,14
ASIRL018,AIX,Staging,Ireland,18
LDESP007,Linux,Development,Spain,7
ASIRL019,AIX,Staging,Ireland,19
ADNOR006,AIX,Development,Norway,6
ATITA015,AIX,Testing,Italy,15
SPIRL033,Solaris,Production,Ireland,33
SSESP015,Solaris,Staging,Spain,15
LTFRA018,Linux,Testing,France,18
LDITA007,Linux,Development,Italy,7
STESP020,Solaris,Testing,Spain,20
STFRA015,Solaris,Testing,France,15
HSDEU004,HP-UX,Staging,Germany,4
SPIRL034,Solaris,Production,Ireland,34
LPESP039,Linux,Production,Spain,39
ASDEU016,AIX,Staging,Germany,16
ATESP010,AIX,Testing,Spain,10
ASESP015,AIX,Staging,Spain,15
HTIRL009,HP-UX,Testing,Ireland,9
STFRA016,Solaris,Testing,France,16
STITA015,Solaris,Testing,Italy,15
SSESP016,Solaris,Staging,Spain,16
APITA017,AIX,Production,Italy,17
HTITA006,HP-UX,Testing,Italy,6
ATESP011,AIX,Testing,Spain,11
STESP021,Solaris,Testing,Spain,21
STIRL032,Solaris,Testing,Ireland,32
LTIRL036,Linux,Testing,Ireland,36
SPDEU030,Solaris,Production,Germany,30
ATNOR003,AIX,Testing,Norway,3
SPITA018,Solaris,Production,Italy,18
ATIRL023,AIX,Testing,Ireland,23
LSITA014,Linux,Staging,Italy,14
STESP022,Solaris,Testing,Spain,22
LPESP040,Linux,Production,Spain,40
LSFRA014,Linux,Staging,France,14
SPIRL035,Solaris,Production,Ireland,35
ATESP012,AIX,Testing,Spain,12
SSDEU017,Solaris,Staging,Germany,17
ASESP016,AIX,Staging,Spain,16
ATITA016,AIX,Testing,Italy,16
ASFRA005,AIX,Staging,France,5
ASFRA006,AIX,Staging,France,6
SIIRL012,Solaris,Integration,Ireland,12
LSIRL042,Linux,Staging,Ireland,42
LSNOR010,Linux,Staging,Norway,10
APIRL020,AIX,Production,Ireland,20
SPDEU031,Solaris,Production,Germany,31
LIESP008,Linux,Integration,Spain,8
LDDEU013,Linux,Development,Germany,13
LPIRL040,Linux,Production,Ireland,40
SSIRL040,Solaris,Staging,Ireland,40
AIITA003,AIX,Integration,Italy,3
LPESP041,Linux,Production,Spain,41
LSITA015,Linux,Staging,Italy,15
ADIRL007,AIX,Development,Ireland,7
LPITA025,Linux,Production,Italy,25
LPESP042,Linux,Production,Spain,42
SIIRL013,Solaris,Integration,Ireland,13
APFRA007,AIX,Production,France,7
SPITA019,Solaris,Production,Italy,19
ASESP017,AIX,Staging,Spain,17
SPDEU032,Solaris,Production,Germany,32
SDIRL016,Solaris,Development,Ireland,16
ASDEU017,AIX,Staging,Germany,17
LTDEU036,Linux,Testing,Germany,36
ASNOR007,AIX,Staging,Norway,7
SSNOR007,Solaris,Staging,Norway,7
LPIRL041,Linux,Production,Ireland,41
ATDEU018,AIX,Testing,Germany,18
APIRL021,AIX,Production,Ireland,21
STIRL033,Solaris,Testing,Ireland,33
LTIRL037,Linux,Testing,Ireland,37
ATDEU019,AIX,Testing,Germany,19
LPFRA019,Linux,Production,France,19
LPESP043,Linux,Production,Spain,43
LIITA015,Linux,Integration,Italy,15
LSIRL043,Linux,Staging,Ireland,43
LDIRL015,Linux,Development,Ireland,15
ATNOR004,AIX,Testing,Norway,4
ATESP013,AIX,Testing,Spain,13
LPIRL042,Linux,Production,Ireland,42
SPDEU033,Solaris,Production,Germany,33
LTIRL038,Linux,Testing,Ireland,38
LPNOR004,Linux,Production,Norway,4
HPESP006,HP-UX,Production,Spain,6
LTDEU037,Linux,Testing,Germany,37
SSIRL041,Solaris,Staging,Ireland,41
LTDEU038,Linux,Testing,Germany,38
LTESP032,Linux,Testing,Spain,32
STFRA017,Solaris,Testing,France,17
SDITA006,Solaris,Development,Italy,6
LSDEU026,Linux,Staging,Germany,26
HTESP005,HP-UX,Testing,Spain,5
LSDEU027,Linux,Staging,Germany,27
LTITA022,Linux,Testing,Italy,22
APIRL022,AIX,Production,Ireland,22
HPESP007,HP-UX,Production,Spain,7
SPIRL036,Solaris,Production,Ireland,36
HTIRL010,HP-UX,Testing,Ireland,10
LTITA023,Linux,Testing,Italy,23
APIRL023,AIX,Production,Ireland,23
LTNOR008,Linux,Testing,Norway,8
LTDEU039,Linux,Testing,Germany,39
SSFRA013,Solaris,Staging,France,13
STIRL034,Solaris,Testing,Ireland,34
LSDEU028,Linux,Staging,Germany,28
LPDEU033,Linux,Production,Germany,33
HSITA009,HP-UX,Staging,Italy,9
HDIRL006,HP-UX,Development,Ireland,6
LTESP033,Linux,Testing,Spain,33
LIDEU013,Linux,Integration,Germany,13
LPIRL043,Linux,Production,Ireland,43
ASITA007,AIX,Staging,Italy,7
LPESP044,Linux,Production,Spain,44
SPNOR015,Solaris,Production,Norway,15
ATESP014,AIX,Testing,Spain,14
SPFRA008,Solaris,Production,France,8
LIDEU014,Linux,Integration,Germany,14
ATITA017,AIX,Testing,Italy,17
LTIRL039,Linux,Testing,Ireland,39
STIRL035,Solaris,Testing,Ireland,35
LSDEU029,Linux,Staging,Germany,29
LIESP009,Linux,Integration,Spain,9
ATIRL024,AIX,Testing,Ireland,24
SPITA020,Solaris,Production,Italy,20
APIRL024,AIX,Production,Ireland,24
HTITA007,HP-UX,Testing,Italy,7
SSIRL042,Solaris,Staging,Ireland,42
LDITA008,Linux,Development,Italy,8
LPDEU034,Linux,Production,Germany,34
SPIRL037,Solaris,Production,Ireland,37
SPESP017,Solaris,Production,Spain,17
ADESP009,AIX,Development,Spain,9
LPITA026,Linux,Production,Italy,26
LPDEU035,Linux,Production,Germany,35
LSIRL044,Linux,Staging,Ireland,44
SPITA021,Solaris,Production,Italy,21
LDIRL016,Linux,Development,Ireland,16
LSIRL045,Linux,Staging,Ireland,45
LTESP034,Linux,Testing,Spain,34
ADIRL008,AIX,Development,Ireland,8
SSITA017,Solaris,Staging,Italy,17
LTITA024,Linux,Testing,Italy,24
LTESP035,Linux,Testing,Spain,35
LSIRL046,Linux,Staging,Ireland,46
LPIRL044,Linux,Production,Ireland,44
LSDEU030,Linux,Staging,Germany,30
SDESP007,Solaris,Development,Spain,7
SPDEU034,Solaris,Production,Germany,34
LSDEU031,Linux,Staging,Germany,31
APITA018,AIX,Production,Italy,18
HPIRL015,HP-UX,Production,Ireland,15
STESP023,Solaris,Testing,Spain,23
AIDEU008,AIX,Integration,Germany,8
AIESP004,AIX,Integration,Spain,4
HTDEU007,HP-UX,Testing,Germany,7
LTDEU040,Linux,Testing,Germany,40
LPIRL045,Linux,Production,Ireland,45
ADIRL009,AIX,Development,Ireland,9
HTDEU008,HP-UX,Testing,Germany,8
LTNOR009,Linux,Testing,Norway,9
SIDEU010,Solaris,Integration,Germany,10
APESP015,AIX,Production,Spain,15
LPNOR005,Linux,Production,Norway,5
